relative	line_count	char_count	preview
zip-1\20260525_233807.jpg	8	46	rabingy 233 long 7/371 h 122b0.61 dg pimo ymhi
zip-1\20260525_233820.jpg	10	101	Dauidtonyy Cheusesaue hrpoag AngelRoberts Dora(ust)lletura hnips Astan OnectCoodmau 1461 Eastlig Slim
zip-1\20260525_233821.jpg	8	76	Davidtonyky Simo- Cuvoline Dora(lust)lletuva sima7 Ridhay TonyGoodiug Micuae
zip-1\20260525_233823.jpg	2	28	Meuc Beuodiy ora(lst)1letura
zip-1\20260525_233826.jpg	6	30	Jessic s. LolaAncreco o 26 bpn
zip-1\20260525_233828.jpg	6	44	LolaAncreu dUB s-toEliablnA ow cvve Beautric
zip-1\20260525_233831.jpg	3	16	apoys 3 Vin cewt
zip-1\20260525_233832.jpg	5	33	01-3055 apoys PIAOT Vincewt nnrmy
zip-1\20260525_233836.jpg	2	15	now haapoTanmos
zip-1\20260525_233838.jpg	1	1	天
zip-1\20260525_233840.jpg	4	35	pinoS lceiB a(usA) AsTmOneekCoodmau
zip-1\20260525_233842.jpg	6	70	DauidtonynyAn omosasnon smo Dora(lst)lletura vetAnn.18s0-1926 Ridhavol
zip-1\20260525_233908.jpg	6	60	POYonmos → ShadehOarreMania 1903-19s6 Bectrice ommg PageIof1
zip-1\20260525_233911.jpg	8	97	ndine9a2tAsltmOneal MictlemicheaDovidelian QC Mar1a19a-1924 Eliabelt ouhpiana Monia Lela PPOpnwos
zip-1\20260525_233914.jpg	10	122	Lewis + Caroline Archubed GocdwautellaLeois Biynoe 5 lndine 9a2tAshtmOner TichaeDavidmcelian CunexAngel 1831 261-10610 656
zip-1\20260525_233916.jpg	10	76	i3o Lewis+Caroline PInOC TaconNYae TellaLewis B15noe mompoo +AswtumO womo证 M
zip-1\20260525_233925.jpg	14	105	wIsis pa/7·dpn MayElgabttfote ore heckcbp1830na byep 05-8+8 A owno Richad Heedomar dg puh somo 10s819 Aan
zip-1\20260525_233928.jpg	13	91	L1859-1925 9917 RLl/Bn4 QN STSime MayEliabittFoten pmno orarmo /27. 9117208 1830me 95-8+8 8
zip-1\20260525_233935.jpg	11	100	soodnon.172.14331 Ehamdt. Iris fTurnerHau. Meuris receldd Coodwanno polie erenge Sageert Moy Checlee
zip-1\20260525_233937.jpg	11	132	.1721g331 mnamojerMmienOl dmoen Eahgueet. 91 m25181lg10FateocodadDoed,FattenAoodu fTurnerHall. erenge Moyd X llgJo19o-50.natmeutoned
zip-1\20260525_233940.jpg	10	57	1850.008 08-0087 m etti BpP18500 Heni Marnd mneu Joun. Br
zip-1\20260525_233943.jpg	4	19	38 291 ene VaeMarng
zip-1\20260525_233951.jpg	2	5	W mmo
zip-1\20260525_233954.jpg	4	22	emml K1858 5办8109 8751
zip-1\20260525_233957.jpg	5	24	1a9271848 MoU obs1a # Mo
zip-1\20260525_233959.jpg	2	7	COM 858
zip-1\20260525_234005.jpg	2	15	metuPat 1281100
zip-1\20260525_234020.jpg	7	127	<Optimax hlavo 08705143314optimax.co.uk and lenses with Optimax Throw away your glasses LASER EYE TREATMENT SPECIALISTS 30980m0
zip-1\20260525_234028.jpg	20	296	Ancestors of Meg Beulah Odeleye (born Goodman) Undine Eutace Goodman (Lynch) 1922-1999 Produced by MyHeritage.com HERITAGE Ella Karen Alleyne Goodman (Lewis) 1892-1976 Meg Beulah G
zip-1\20260525_234030.jpg	32	440	Annie Elizabeth Lymch (3INMOO) 1881 Marie Lynch 1901-1924 Mar gnret Ann Lymch 761 0501 Ancestors of Meg Beulah Odeleye (born Goodman) 1872-1935 David Girwood Lyneh 1850-1924 Undine
zip-1\20260525_234032.jpg	20	275	Rebecca Ann DowNIE 1845-7 Annie Elizsbeth Lynch (DOWNIE) 1881-1959 Joseph Benjamin DOWNIE Marie Lynch 1901-1924 Margaret Ann Lynch (Lewis) 1850-1926 h Odeleye (born Goodman) issac 
zip-1\20260525_234048.jpg	18	136	RobAm hre Ban1a7181 Bagau Doumy +R huBlacdki Josapk RL2 hovcepfmnygp 191911867 LOCCOL 28-547 D Aroubald Blcckmouefad 1876 Eloe BhedShe W
zip-1\20260525_234109.jpg	3	14	Avelubal + mow
zip-1\20260525_234112.jpg	3	11	6 + 0161181
zip-1\20260525_234115.jpg	17	156	Taue&+Mathoe pluubelJcsephGoada Blaekett Ttblporelouhoo 10131836 Avclmbalol Goaluer 33611 1886-193 6-1887 m.25/811910 EMleen wulson hayles+ Esther Anne Noel
zip-1\20260525_234117.jpg	18	152	Jaueg +Methoe Sxeoopmd piuwlbelJaSophGoaduay Bloeeett 10131838 Avcmbalol 18860193 1881:9 m.25/811910 wlson EMleen Chardes+ Anne Esthei lave Noel Ancleco
zip-1\20260525_234126.jpg	18	149	pleuwlcel 10131838 Fenweihall Alexander,lewis 3336 30131878（ca) Ella laren1892 Arc Astah wlson ne+Eula uding Newhandst Esther Betty Ruth Stame unsTon
zip-1\20260525_234131.jpg	21	186	diee Elva Esdo 181/5/97.W tFaster Van whi Lowis1ynh+ MaitgiuBentha m USA yntJordan Tony Deahe+Eul Iris+eufusceenedlpe CyrlanatLatHauding NewJiandst nnette Vincent John RoseMar Palt
zip-1\20260525_234135.jpg	27	213	Toum Mautin Maiio Angel Re Ld Nehna Bp18316c22 oneyLyuch+ElizabeTn 1860 STSavico DeeI2yS.Andeu metpret M ·261511871 A3 Cye me DeaiSoul 1872-1935 KetucahtFaster Dova IVen yhch uSA k
zip-1\20260525_234138.jpg	29	233	316022 miller B1868-ST4nd0 Lewis+Ca Eado 1869 STSavio metpnet Deel m.26/5/1871 M 1872-1935 Dova Ketuah+Faster CywuJorius Cla USA Louslynch+ MatiuBentham kath+hi USA GueacclyntJorta
zip-1\20260525_234140.jpg	20	165	ywuJaHiu Lowslyech MatguBentham kathn+lhi USA David Tony GueaaclyntJordan -1992 dmap Fraatih ris+eut MarkBenudud Annette Vince nt John Cyrlanet auna Pada Pault chaka
zip-1\20260525_234143.jpg	18	175	Dora Beatb2819903-1986 KetcahtFast uSA Fred 616/8/22 kathhen+lh Cavd undinelyoch+Ashtg-q9 USA GweuoclyntJon ycodmaa Franklyh TessicatDacid Goodig MarkBenicud Michaol Anne auua
zip-1\20260525_234145.jpg	16	160	B4ug87874 1872-1935 Dofa mKetucat USA arlah Erel KatthL Beatb2819903-1986 6K6/8/32 Undunelyoch+Ashta 19-1992 Ccodman Franklyh Fessica tDavid Gooding MabkBenuoua
zip-1\20260525_234148.jpg	22	171	OwYeE Anqel Re vehnae ehiller Bp18316c+2 099V STSavi DeeIhY ST.And meltpret M A3 B4ug87874 niB3/g.IaaeNe 1872-1935 Dova Ketcah usA Frecl kathl gweu Beatb2819903-1986. rlah
zip-1\20260525_234150.jpg	17	139	TauMaut OLOIRE Angel Roul Vehne Bp18316c+22 Lewis+Cadhehilen B1868-ST Samue oneylyuc STeSavito DecST,Anceu metpret Mg AS ceve Oriwu DeaiSou
zip-1\20260525_234154.jpg	31	317	8018316#22 Em.261511871 Ketucah+Faster Ivan ariah SA CyvuJeis ClancwB3o131878(Afica) Beata628/43-196 kctha+h Louislynh Matgiu Bentha m a USA gweuaclyntJordan David Tony K/8/22 Undi
zip-1\20260525_234159.jpg	20	197	K比VM-TAD KAV 905#5882 etJosohPottrnari Velawd Jaunes Johu lwilluco+ Bekeca Petinaue Thlomaswilliaw 578107/9 8-1842:STAndo angt BenaminDownie hne matchel Bp2108 Helent Rosale Joseph
zip-1\20260525_234203.jpg	20	173	KtVM-TALD K8Sc-O3HCatuangunBelqn V qu#58 FJasohBottrha Pe tinace/li Johu lailus+ Mhcmaswlliaw Annuw 5h8101/9 Anna Relea owaLe BPZ/08 mitchel JoSeph Na Helent dvo bnathau 1q0
zip-1\20260525_234205.jpg	21	189	54VM-T4D KAV 12885#116 JosonPottrari Mn JaunesJohn loiues + Pakec /11191 Petfinaye Thlomaswllia nnuw 5781 dasephy Dilliangt BenamnDownie A matchel Rosale Honeon Helent dvo bnathau 
zip-1\20260525_234208.jpg	9	59	memmug 190-1924 arve Patric Maria James lver. Andvelw Carol
zip-1\20260525_234225.jpg	28	238	G00olwoum19z193 Goodlmam 136 ChustcencackeGoadluoen mowpoo2 173,174 97NoelEdmuud q0 Nael Coodman 9938 18+19Arm00Je8s7ca 89-oEricEdmuud q3-94KeuitEdmuud Cyril Geodnau 2o-Zl Ashton 1
zip-1\20260525_234228.jpg	27	227	81 98181 192193 S 13613 B人a&he Chsten cauke Goodlwoen mompooy Goodmom Go0dmam173,174 momeoy 131,135 33000 manmpoob 97 NoelEdmuud 18+19Ann0Je8sic CoEricEdmume eriCeodnau Goodman -94
zip-1\20260525_234232.jpg	7	49	wowpeob EllaKaenGoodman yw mogmr 33333 822- 8-273
zip-1\20260525_234242.jpg	4	19	*016 u3dah 9881 nmo
zip-1\20260525_234315.jpg	24	357	Page 1 of 57551854 03Mar 2011 Meg Goodman Order Reference Number: Product Qty Unit Price Ext. Price Gdns Order Date: Account Number:34568318 goodode@hotmail.com VAT（208):$13.50 Hot
zip-1\20260525_234325.jpg	28	540	Pa Slave Registers of former British Colonial Dependencies, Page 1812-1834 Contact Us Name:Richard Lewis u co.uk Angel Roberts gender,age,and nationality of slave. Learn more... Ar
zip-1\20260525_234348.jpg	68	1724	After Rufus’death in1986,Iris St.Andrew.But her heart and spirit Springvale and we went back to Canada studying at McGill Michael, Crab Hill in St. Lucy and When Grazettes Plantati
zip-1\20260525_234350.jpg	83	2165	Rufus discussed with her his plan to After Rufus’death in 1986,Iris Psychiatric Hospital at Black Rock. St.Andrew.But her heart and spirit She recalled:“In 1963 he bought In the me
zip-1\20260525_234402.jpg	36	791	FOLK SONGS OF BAI About the year 1940 a man called G in the rural parishes concerning heart men’，wh exists in present days. Rumour had it that the 1 spirited away by the‘Secret Ord
zip-1\20260525_234405.jpg	37	795	mysterious disappearance probably gave rise to the fear in the rural parishes concerning ‘heart men',which still exists in present days. Rumour had it that the man was tale and the
zip-1\20260525_234407.jpg	16	283	Hill- a by,An' dey tink no-bo-dy don whenyuhgodowndeyAn todo SB Yuh Betta Do Good Fuh dey kill Goodman from Hillaby, Yuh betta do good as to do bad. Yuh betta do good as to do bad.
zip-1\20260525_234409.jpg	36	804	in the rural parishes concerning heart men exists in present days. Rumour had it that tale and the sober warning, the tune is li A village im St down B bad. Yuh bet-ta do Yuh Betta
zip-1\20260525_234411.jpg	46	867	disappeared from his village in St Andrew. His mysterious disappearance probably gave rise to the fear in the rural parishes concerningheart men'which still exists in present days.
zip-1\20260525_234426.jpg	54	449	Dauid kyne AnmLewis simoy —9642可e 2Tan1896 81850 Margaret 1924 Max15 DoraesA FosterBottulgeu carrier Fred isaac CJimny) Kathlaen 1872 Aug158 chad tsn.tors David Elizabelh Anne Down
zip-1\20260525_234433.jpg	16	116	Lvan isync Louis Kathleon Sueaet-ush Candace +Haynes 19h 办8110 ochso essic 46 4/Aug Michae|Zo Jone7a 2#0e069 Dnedren
zip-1\20260525_234440.jpg	33	550	6802 (Time) NAME OF SECURITY OFFICER SHED & SECURITY PASS NO: FOR BARBADOS PORT INC. NAME OF ISSUING OFFICER: 106212 PURPOSEFOR ENTERINGPORT: ..at. Ar SZ0 Marga CERTIFICATE OFPORT 
zip-1\20260525_234448.jpg	5	21	pip of5769 5558 品 %05
zip-1\20260525_234451.jpg	4	31	355 AULYWTHOUT HICORD OFICE 911
zip-1\20260525_234454.jpg	5	39	YGHTPOTOGRAPL 赶U# 355 HLYWTK HCORD OHCE
zip-1\20260525_234511.jpg	12	115	Having problems viewing this Image? mysyuy y."yy X gy 377405769 品 uondo Results for:Richard Lewis ancestry.c %05 10
zip-1\20260525_234514.jpg	8	33	1-10 hotoeRAn 54 620 L 82 Vet anm
zip-1\20260525_234528.jpg	55	552	derived from Trav. Stns T986 & T988 Bearings are referred to Grid North For Lands and Surveys Dept. only Distances are in metres 21556.93 79521.40 SCALE:-1/500 irfd 01'26* 23.99 FR
zip-1\20260525_234548.jpg	11	129	ArchibadHuglistu GOODMAO DoBFe.1E86 EllaKaeukewis Disappaado936.* 18/04/2008 LewIs Fathe Alleyue iadFau-ToophemgMathau Sedgeporol
zip-1\20260525_234605.jpg	4	58	RebeccaeAnnDa 4881/6/5 Evdina MaudeDounyqlaye7g 1353003694
zip-1\20260525_234624.jpg	16	182	GwendelyufJadau LndiwtGoodman US.n i920-2aH0ad Fned,CandacetHayus (opownr5) brlobimuow IVan iLetwra+Foster 3-1986Beatrice f+ PAMOT Mouhy tauol Ann helois RichadLewis+ Caroline Bp18
zip-1\20260525_234626.jpg	21	274	GwendelyutJadau Lndiw+Goodman US.n 1920-22H0ccd Fned,CandacetHayus (opon5) yrus Jorius Claudig brlobimuow IVan 1903-1986Beatr1ce iLetwra+Foster 131/S192 Peu +Grant Dawid Lynch Bp.s
zip-2\20260525_231006.jpg	71	1844	s Iris reflected:No one in this fami island when we heard the rumour incident,Iris indicated that there were certain facts which she wante Tuesday through the yard with a vehicle a
zip-2\20260525_231009.jpg	111	3174	murdered but the situation remains Suddenly Iris cried out:“We need Is there still that hollow feling We still have memories,especially open-ended. No confirmation has and tested t
zip-2\20260525_231033.jpg	58	1039	Page 1 of Empire Windrush marking the start editor and activist.put on the copyright | privacy 2000 Tirst ever camival in Engiand Carnival and inspired others Claudia Jones. newspa
zip-2\20260525_231057.jpg	28	403	Page 1of2 9819 72of142peopleB Caroline Lewis Margaret Ann Lynch Daoe 1of1 (born Lewis) Dec1850 EGIPTU Richard owner angel David Girwood 1827128 More Info -ynch *1850 1924 Jeseph Pj
zip-2\20260525_231120.jpg	8	29	811 8 8 8h 733939 Elvia 333 3
zip-2\20260525_231128.jpg	6	51	2-05 Page l of1 John Hena RichadCae Bp018504p Carib
zip-2\20260525_231130.jpg	3	19	30 RichandCaaline C
zip-2\20260525_233717.jpg	8	69	DAVIDLNCH MARGRRET ANN(LEWIS)LYNCH 26 1859 206/ Slin Ref.Buff 3011059
zip-2\20260525_233719.jpg	9	66	5261 MARGRRET ANN(LEWIS) LYNCH Yona 1859 7900 14821 taet nrmof h0W
zip-2\20260525_233721.jpg	4	24	DAIDLY 2061 Stir Ret,Buf
zip-2\20260525_233722.jpg	9	68	DAVIDLYNGH MARGRRETANN(LEWIS)LYNEH 261 1859 206/ 12 ettacett0 mzy 02
zip-2\20260525_233731.jpg	11	69	Reh 34 re 1887 9 Nodoill 6151 Argel Roberts Aslarcood Ach·Co 1720g331
zip-2\20260525_233733.jpg	10	44	651 17 Foetne RL/136 1421 5 PMOC ypmh L881 U
zip-2\20260525_233736.jpg	9	39	39 289 9 Heasman Fu'ardshi 98/na 2 9 23
zip-2\20260525_233742.jpg	13	104	Tonethan Fem mt+ydsop 603 Bb.come PeHtinari' 033898 stlight silams+AmaaPotman awilliams A n81qo 19811151
zip-2\20260525_233745.jpg	3	28	DOBA Annimcalwiliam8 @n81qam
zip-2\20260525_233746.jpg	7	49	+B Annumcawilliams 办88 Conut Decceoilli 15 Bosale
zip-2\20260525_233748.jpg	6	36	9 4° DOBA mBeot Annumcawiliamg Comut
zip-2\20260525_233750.jpg	7	39	Tencthah Heleuy 298 y2ynch 3 mBeat iam8
zip-2\20260525_233751.jpg	10	52	Tonathan STA 982 Rubenbb.come DOBA Beat 9811办 M 88 s
zip-2\20260525_233755.jpg	6	36	Rubenti.come DOBA 881 Fow 97 Rosalie
zip-2\20260525_233757.jpg	8	47	DOBA Y 188 h/g owb AnneDo Rebecceloilli Rosalie
zip-2\20260525_233803.jpg	8	46	19 6881 Eas Nodisil 6151 ge/na Roberts Ach·Cod
zip-2\20260525_233805.jpg	6	43	Aolar 1L921 5·4 122bU.1 L881m Anhie Doeonig
zip-2\20260525_233810.jpg	6	37	6881 Fu'erdsh KO 2578110STo4 98/nd 23
zip-2\20260525_233817.jpg	4	42	Jessice+Tone 146 Eastlig abettn AuueDounie
zip-2\20260525_233819.jpg	4	45	Angel Roberteuseslave （us)etuya Eastlig Slim"